{"cameraMode":{"drawMode":0,"name":"Shaded","section":"Shading Mode"},"sceneLighting":true,"audioPlay":false,"sceneViewState":{"showFog":true,"showMaterialUpdate":true,"showSkybox":false,"showFlares":true,"showImageEffects":true,"showParticleSystems":true},"in2DMode":false,"pivot":{"x":13.470817565917969,"y":155.7443084716797,"z":-48.441864013671878},"rotation":{"x":0.33077749609947207,"y":0.13553963601589204,"z":-0.04806901514530182,"w":0.9326916933059692},"size":1558.5294189453125,"orthographic":false}