{"cameraMode":{"drawMode":0,"name":"Shaded","section":"Shading Mode"},"sceneLighting":true,"audioPlay":false,"sceneViewState":{"showFog":true,"showMaterialUpdate":true,"showSkybox":false,"showFlares":true,"showImageEffects":true,"showParticleSystems":true},"in2DMode":false,"pivot":{"x":271.634765625,"y":78.50570678710938,"z":-564.183837890625},"rotation":{"x":0.021304115653038026,"y":0.019804535433650018,"z":-0.0004220594128128141,"w":0.999580979347229},"size":1638.1878662109375,"orthographic":false}