{"cameraMode":{"drawMode":0,"name":"Shaded","section":"Shading Mode"},"sceneLighting":true,"audioPlay":false,"sceneViewState":{"showFog":true,"showMaterialUpdate":true,"showSkybox":false,"showFlares":true,"showImageEffects":true,"showParticleSystems":true},"in2DMode":false,"pivot":{"x":6.136387825012207,"y":-8.196836471557618,"z":217.3753662109375},"rotation":{"x":0.021304115653038026,"y":0.019804535433650018,"z":-0.0004220594128128141,"w":0.999580979347229},"size":227.73117065429688,"orthographic":false}