{"cameraMode":{"drawMode":0,"name":"Shaded","section":"Shading Mode"},"sceneLighting":true,"audioPlay":false,"sceneViewState":{"showFog":true,"showMaterialUpdate":true,"showSkybox":false,"showFlares":true,"showImageEffects":true,"showParticleSystems":true},"in2DMode":false,"pivot":{"x":1.8934977054595948,"y":-5.549822807312012,"z":6.551298141479492},"rotation":{"x":0.33077749609947207,"y":0.13553963601589204,"z":-0.04806901514530182,"w":0.9326916933059692},"size":147.4873809814453,"orthographic":false}