{"cameraMode":{"drawMode":0,"name":"Shaded","section":"Shading Mode"},"sceneLighting":true,"audioPlay":false,"sceneViewState":{"showFog":true,"showMaterialUpdate":true,"showSkybox":false,"showFlares":true,"showImageEffects":true,"showParticleSystems":true},"in2DMode":false,"pivot":{"x":-0.2556791305541992,"y":-0.6990889310836792,"z":-4.507472038269043},"rotation":{"x":0.4347587823867798,"y":-0.02781737595796585,"z":0.013437319546937943,"w":0.9000183939933777},"size":14.965312004089356,"orthographic":false}