{"cameraMode":{"drawMode":0,"name":"Shaded","section":"Shading Mode"},"sceneLighting":true,"audioPlay":false,"sceneViewState":{"showFog":true,"showMaterialUpdate":true,"showSkybox":false,"showFlares":true,"showImageEffects":true,"showParticleSystems":true},"in2DMode":false,"pivot":{"x":1.6298145055770875e-9,"y":0.0023836717009544374,"z":0.00008141924627125263},"rotation":{"x":0.027765000239014627,"y":0.7321155667304993,"z":-0.02989359200000763,"w":0.6799675226211548},"size":8.098749160766602,"orthographic":false}