{"cameraMode":{"drawMode":0,"name":"Shaded","section":"Shading Mode"},"sceneLighting":true,"audioPlay":false,"sceneViewState":{"showFog":true,"showMaterialUpdate":true,"showSkybox":false,"showFlares":true,"showImageEffects":true,"showParticleSystems":true},"in2DMode":false,"pivot":{"x":-1.5558217763900757,"y":0.3958309292793274,"z":-5.102585792541504},"rotation":{"x":0.2095463126897812,"y":-0.07880119234323502,"z":0.016945110633969308,"w":0.9744745492935181},"size":10.288265228271485,"orthographic":false}