{"cameraMode":{"drawMode":0,"name":"Shaded","section":"Shading Mode"},"sceneLighting":true,"audioPlay":false,"sceneViewState":{"showFog":true,"showMaterialUpdate":true,"showSkybox":false,"showFlares":true,"showImageEffects":true,"showParticleSystems":true},"in2DMode":false,"pivot":{"x":0.1850692182779312,"y":0.17786043882369996,"z":-4.918780326843262},"rotation":{"x":0.07488251477479935,"y":-0.8160996437072754,"z":0.10861218720674515,"w":0.5626555681228638},"size":1.8882622718811036,"orthographic":false}