{"cameraMode":{"drawMode":0,"name":"Shaded","section":"Shading Mode"},"sceneLighting":true,"audioPlay":false,"sceneViewState":{"showFog":true,"showMaterialUpdate":true,"showSkybox":false,"showFlares":true,"showImageEffects":true,"showParticleSystems":true},"in2DMode":false,"pivot":{"x":1108.68212890625,"y":481.78009033203127,"z":82.60546875},"rotation":{"x":0.0692051500082016,"y":0.037711501121520999,"z":-0.0026178723201155664,"w":0.9968938827514648},"size":2174.448974609375,"orthographic":false}