{"cameraMode":{"drawMode":0,"name":"Shaded","section":"Shading Mode"},"sceneLighting":true,"audioPlay":false,"sceneViewState":{"showFog":true,"showMaterialUpdate":true,"showSkybox":false,"showFlares":true,"showImageEffects":true,"showParticleSystems":true},"in2DMode":false,"pivot":{"x":-0.6532102823257446,"y":1.201863169670105,"z":-1.1054415702819825},"rotation":{"x":0.02814074046909809,"y":0.5345388054847717,"z":-0.017811303958296777,"w":0.8444923162460327},"size":6.805826187133789,"orthographic":false}