{"cameraMode":{"drawMode":0,"name":"Shaded","section":"Shading Mode"},"sceneLighting":true,"audioPlay":false,"sceneViewState":{"showFog":true,"showMaterialUpdate":true,"showSkybox":false,"showFlares":true,"showImageEffects":true,"showParticleSystems":true},"in2DMode":false,"pivot":{"x":1114.728759765625,"y":397.46099853515627,"z":0.0},"rotation":{"x":0.027765000239014627,"y":0.7321155667304993,"z":-0.02989359200000763,"w":0.6799675226211548},"size":3667.960205078125,"orthographic":false}